"Id","Version","License","LicenseType","LicenseUrl","Project"
"Avalonia","12.1.3","MIT","expression","https://licenses.nuget.org/MIT","https://avaloniaui.net/?utm_source=nuget&utm_medium=referral&utm_content=project_homepage_link"
"Avalonia.Angle.Windows.Natives","2.1.27548.20260419","LICENSE","file","https://aka.ms/deprecateLicenseUrl","https://avaloniaui.net/"
"Avalonia.BuildServices","11.3.2","MIT","expression","https://licenses.nuget.org/MIT","https://avaloniaui.net/"
"Avalonia.Desktop","12.1.3","MIT","expression","https://licenses.nuget.org/MIT","https://avaloniaui.net/?utm_source=nuget&utm_medium=referral&utm_content=project_homepage_link"
"Avalonia.FreeDesktop","12.1.3","MIT","expression","https://licenses.nuget.org/MIT","https://avaloniaui.net/?utm_source=nuget&utm_medium=referral&utm_content=project_homepage_link"
"Avalonia.FreeDesktop.AtSpi","12.1.3","MIT","expression","https://licenses.nuget.org/MIT","https://avaloniaui.net/?utm_source=nuget&utm_medium=referral&utm_content=project_homepage_link"
"Avalonia.HarfBuzz","12.1.3","MIT","expression","https://licenses.nuget.org/MIT","https://avaloniaui.net/?utm_source=nuget&utm_medium=referral&utm_content=project_homepage_link"
"Avalonia.Native","12.1.3","MIT","expression","https://licenses.nuget.org/MIT","https://avaloniaui.net/?utm_source=nuget&utm_medium=referral&utm_content=project_homepage_link"
"Avalonia.Remote.Protocol","12.1.3","MIT","expression","https://licenses.nuget.org/MIT","https://avaloniaui.net/?utm_source=nuget&utm_medium=referral&utm_content=project_homepage_link"
"Avalonia.Skia","12.1.3","MIT","expression","https://licenses.nuget.org/MIT","https://avaloniaui.net/?utm_source=nuget&utm_medium=referral&utm_content=project_homepage_link"
"Avalonia.Themes.Fluent","12.1.3","MIT","expression","https://licenses.nuget.org/MIT","https://avaloniaui.net/?utm_source=nuget&utm_medium=referral&utm_content=project_homepage_link"
"Avalonia.Win32","12.1.3","MIT","expression","https://licenses.nuget.org/MIT","https://avaloniaui.net/?utm_source=nuget&utm_medium=referral&utm_content=project_homepage_link"
"Avalonia.X11","12.1.3","MIT","expression","https://licenses.nuget.org/MIT","https://avaloniaui.net/?utm_source=nuget&utm_medium=referral&utm_content=project_homepage_link"
"HarfBuzzSharp","8.3.1.3","MIT","expression","https://licenses.nuget.org/MIT","https://go.microsoft.com/fwlink/?linkid=868515"
"HarfBuzzSharp.NativeAssets.Linux","8.3.1.3","MIT","expression","https://licenses.nuget.org/MIT","https://go.microsoft.com/fwlink/?linkid=868515"
"HarfBuzzSharp.NativeAssets.WebAssembly","8.3.1.3","MIT","expression","https://licenses.nuget.org/MIT","https://go.microsoft.com/fwlink/?linkid=868515"
"HarfBuzzSharp.NativeAssets.Win32","8.3.1.3","MIT","expression","https://licenses.nuget.org/MIT","https://go.microsoft.com/fwlink/?linkid=868515"
"MicroCom.Runtime","0.11.6","MIT","expression","https://licenses.nuget.org/MIT",
"Microsoft.ApplicationInsights","2.23.0","MIT","expression","https://licenses.nuget.org/MIT","https://go.microsoft.com/fwlink/?LinkId=392727"
"Microsoft.AspNetCore.App.Runtime.win-x64","10.0.12","MIT","expression","https://licenses.nuget.org/MIT","https://asp.net/"
"Microsoft.Bcl.AsyncInterfaces","6.0.0","MIT","expression","https://licenses.nuget.org/MIT","https://dot.net/"
"Microsoft.CodeCoverage","18.10.1","MIT","expression","https://licenses.nuget.org/MIT","https://github.com/microsoft/vstest"
"Microsoft.NET.Test.Sdk","18.10.1","MIT","expression","https://licenses.nuget.org/MIT","https://github.com/microsoft/vstest"
"Microsoft.NETCore.App.Runtime.win-x64","10.0.12","MIT","expression","https://licenses.nuget.org/MIT","https://dot.net/"
"Microsoft.Testing.Extensions.Telemetry","2.4.0","MIT","expression","https://licenses.nuget.org/MIT","https://github.com/microsoft/testfx"
"Microsoft.Testing.Extensions.TrxReport.Abstractions","2.4.0","MIT","expression","https://licenses.nuget.org/MIT","https://github.com/microsoft/testfx"
"Microsoft.Testing.Platform","2.4.0","MIT","expression","https://licenses.nuget.org/MIT","https://github.com/microsoft/testfx"
"Microsoft.Testing.Platform.MSBuild","2.4.0","MIT","expression","https://licenses.nuget.org/MIT","https://github.com/microsoft/testfx"
"Microsoft.TestPlatform.ObjectModel","18.10.1","MIT","expression","https://licenses.nuget.org/MIT","https://github.com/microsoft/vstest"
"Microsoft.TestPlatform.TestHost","18.10.1","MIT","expression","https://licenses.nuget.org/MIT","https://github.com/microsoft/vstest"
"Microsoft.Win32.Registry","5.0.0","MIT","expression","https://licenses.nuget.org/MIT","https://github.com/dotnet/runtime"
"Microsoft.Windows.CsWinRT","2.2.0","LICENSE","file","https://aka.ms/deprecateLicenseUrl","https://github.com/microsoft/cswinrt"
"Microsoft.Windows.SDK.NET.Ref","10.0.26100.57","See package license URL","url","https://aka.ms/WinSDKLicenseURL","https://aka.ms/WinSDKProjectURL"
"Microsoft.WindowsDesktop.App.Runtime.win-x64","10.0.12","MIT","expression","https://licenses.nuget.org/MIT","https://dot.net/"
"ppy.SDL3-CS","2026.1002.1","MIT","expression","https://licenses.nuget.org/MIT","https://github.com/ppy/SDL3-CS"
"SkiaSharp","3.119.4","MIT","expression","https://licenses.nuget.org/MIT","https://go.microsoft.com/fwlink/?linkid=868515"
"SkiaSharp.NativeAssets.Linux","3.119.4","MIT","expression","https://licenses.nuget.org/MIT","https://go.microsoft.com/fwlink/?linkid=868515"
"SkiaSharp.NativeAssets.WebAssembly","3.119.4","MIT","expression","https://licenses.nuget.org/MIT","https://go.microsoft.com/fwlink/?linkid=868515"
"SkiaSharp.NativeAssets.Win32","3.119.4","MIT","expression","https://licenses.nuget.org/MIT","https://go.microsoft.com/fwlink/?linkid=868515"
"System.Security.AccessControl","6.0.1","MIT","expression","https://licenses.nuget.org/MIT","https://dot.net/"
"Tmds.DBus.Protocol","0.94.1","MIT","expression","https://licenses.nuget.org/MIT",
"Windows.Devices.Midi2","0.99.88-preview.10","MIT","expression","https://licenses.nuget.org/MIT","https://aka.ms/midi"
"xunit.analyzers","2.1.0","Apache-2.0","expression","https://licenses.nuget.org/Apache-2.0",
"xunit.runner.visualstudio","4.0.0","Apache-2.0","expression","https://licenses.nuget.org/Apache-2.0",
"xunit.v3","4.0.1","Apache-2.0","expression","https://licenses.nuget.org/Apache-2.0",
"xunit.v3.assert","4.0.1","Apache-2.0","expression","https://licenses.nuget.org/Apache-2.0",
"xunit.v3.common","4.0.1","Apache-2.0","expression","https://licenses.nuget.org/Apache-2.0",
"xunit.v3.core.mtp-v2","4.0.1","Apache-2.0","expression","https://licenses.nuget.org/Apache-2.0",
"xunit.v3.extensibility.core","4.0.1","Apache-2.0","expression","https://licenses.nuget.org/Apache-2.0",
"xunit.v3.mtp-v2","4.0.1","Apache-2.0","expression","https://licenses.nuget.org/Apache-2.0",
"xunit.v3.runner.common","4.0.1","Apache-2.0","expression","https://licenses.nuget.org/Apache-2.0",
"xunit.v3.runner.inproc.console","4.0.1","Apache-2.0","expression","https://licenses.nuget.org/Apache-2.0",
